Ref,Val,Package,PosX,PosY,Rot,Side
"C1","2.2u","C_0402_1005Metric",161.264400,-103.619600,-90.000000,top
"R6","200","C_0402_1005Metric",162.229600,-103.619600,90.000000,top
"U1","LM4040DBZ-3","SOT-23",165.097500,-104.038800,0.000000,top
